0,casanovafurniture.dk
1,chaoshanren.com
2,tax.dk
3,hydrabug.com
4,instabrowse.es
5,alizila.com
6,spikemilrev.com
7,subefotos.com
8,hdlt.ru
9,mileageplanshopping.com
10,justsearch.fr
11,talonjapan.com
12,lowendbox.com
13,mumkhal.com
14,saveonwp.com
15,cargps.gr
16,glamourhairypussy.com
17,serebii.net
18,shelldreamsoverseas.com
19,vividanone.it
20,maldivesdirect.com
21,imageenlarger.org
22,tins.ir
23,palmu.fi
24,rybolov.org
25,eksedra.gr
26,fashionistabarbieuk.com
27,easygps.com
28,blackandwhitetube.net
29,thenumerati.net
30,pasco.co.jp
31,brett-robinson.com
32,queencreek.org
33,nationalrockreview.com
34,bigbazaarprofitclub.com
35,ru-history.livejournal.com
36,slucare.edu
37,vidaxl.hr
38,reedbusiness.com
39,hracky-predeti.sk
40,awesomedude.com
41,refanshop.bg
42,athabascau.ca
43,ndc.edu
44,vse-4x4.ru
45,frozenshop.com
46,bratislavabeznackov.org
47,kitchoan.co.jp
48,bilezikci.com
49,xcams.de
50,meetgoogle.pl
51,skitterphoto.com
52,hashslush.com
53,knowfengshui.com
54,urwebby.com
55,cairogossip.com
56,vukovisadunava.com
57,nassaem.com
58,getintouchwithcash.com
59,daflores.com
60,britishcouncil.or.th
61,gypsylovinlight.com
62,codeus.net
63,csg.org
64,qibosoft.com
65,camsloveaholics.com
66,trackmylaptop.net
67,ns-drop.com
68,predatorbdu.com
69,suscc.edu
70,bestprotection.de
71,sivegam.org.mx
72,apln-blog.fr
73,namecheapcouponcode.com
74,electrogsm.pl
75,bvbrindesmkt.com.br
76,pugetsoundoff.org
77,serplab.co.uk
78,painted-ladies.com
79,import-sales.com
80,protel.com.tr
81,mailanyone.net
82,chevroletnova.com.br
83,cookpolitical.com
84,arbitragebet.in
85,esmt.org
86,panasonic.fr
87,visiontranstechindia.org
88,kodomonokao.com
89,kovshenin.com
90,hidoctor.me
91,capitolsales.com
92,magazine8.com
93,sumberalam.co.id
94,stopka.cz
95,estalos.com
96,kazamatsuri.org
97,libcast.com
98,sex-ukraine.net
99,pajeroclub.pro
100,rib.net
101,udreplicas.com
102,toprural.pt
103,jzxxmx.com
104,exalonpromotion.com
105,urip.wordpress.com
106,shrinath.biz
107,okcareertech.org
108,phorsa1.com
109,odigitrium.com
110,assetdirectory.gov.in
111,pinwand.ch
112,e-play.pl
113,pubalibankbd.com
114,agora.pl
115,wdr5.de
116,swi.pl
117,westada.org
118,b-king.fr
119,teamlampremerida.com
120,binaryoptionstradingsignals.com
121,aprenderpnl.com
122,giesso.com.ar
123,zebex.com
124,art-incubator.org
125,fairhall.in
126,medical-qatar.com
127,kwik.es
128,mplbabes.com
129,devf.mx
130,knorr-bremse.de
131,tvsoap.ru
132,flora-rose.com.cn
133,soccer-gamesonline.com
134,thebridge.jp
135,tagloom.com
136,rdwdb.nl
137,nowcc.org
138,castleresorts.com
139,linko.co.kr
140,vitrinesantaluzia.net
141,eviloctal.com
142,gcon.or.kr
143,yy8844.cn
144,upci.org
145,wisersaver.com
146,5gum.com
147,turn2us.org.uk
148,welovecards.de
149,nworeport.me
150,makita.at
151,cersaie.it
152,superiorrealestatecyprus.com
153,zetes.be
154,thehotsaucestop.com
155,topgear.co.za
156,mines-douai.fr
157,don1don.com.tw
158,furkanhaber.com
159,tot.co.th
160,agro-mash.ru
161,skymediakorea.com
162,primeglobalcareers.com
163,mbcb-journal.org
164,portuguesnarede.com
165,voganow.com
166,highfield.de
167,istdizayn.com
168,yurclub.ru
169,measureddesigns.com
170,8155.com
171,3318.info
172,forumlinkbuilding.com
173,jassets.com
174,boardwalkinsurance.com
175,epspierias.gr
176,niggerporn.com
177,parsspadana.com
178,nicehd.in
179,ca-reward.jp
180,privatimmobiliaresardegna.com
181,persmin.nic.in
182,openchest.com
183,foggiatoday.it
184,allemandfacile.com
185,vamshare.com
186,50bookpledge.ca
187,gorod33.ru
188,ciclismoaltomilanese.com
189,infolink.com.br
190,1s0s.com
191,omran-mb.com
192,batt.co.jp
193,payoutbd.com
194,vipvista.com
195,oomaikkanavugal.blogspot.com
196,misqatarsms.com
197,djsoft.net
198,viantinc.com
199,fordparts.com
200,toz.pl
201,5sing.com
202,cercoincontri.com
203,fuelthemes.net
204,findamechanic.com
205,sortmylist.com
206,demonion.ru
207,sundaramfinance.in
208,hasznaltalma.hu
209,kullumanalitourism.com
210,goonews.jp
211,nimitech.com
212,just1quid.com
213,adl-av.com
214,rm0005.net
215,441mi.com
216,gamesite.jp
217,pharmcas.org
218,guideduparisien.fr
219,outnorth.fi
220,jackrugile.com
221,postbus.at
222,facebooktsukaikata.net
223,infographicsonline.net
224,romolini.com
225,marietta.com
226,rgb-tour.ru
227,eternal-battle.net
228,newschoolarch.edu
229,paletton.com
230,medigappolicies.org
231,aec188.com
232,hultafors.se
233,collegiatetimes.com
234,property-report.com
235,schoolcashonline.com
236,starcat.ne.jp
237,laopinionsemanario.com.ar
238,mos.co.jp
239,arai-denki.co.jp
240,bojaper.com
241,corse.fr
242,xonlinx.com
243,o-digital.com
244,bebina.ir
245,luxhard.com
246,area-enligne.com
247,6326.info
248,hpsy.ru
249,naszrybnik.com
250,cezon.ru
251,talkb2b.net
252,chelagarto.com
253,macucoesportes.com.br
254,reservationheaven.com
255,techindiana.com
256,niketalk.com
257,mruga.com
258,samplelettersworld.com
259,bochaneinactie.nl
260,nhaschools.com
261,owl7.com.br
262,santanderrio.com
263,calcularjuros.com.br
264,patentmsk.ru
265,kk-gotanda.net
266,setca.org
267,i-edra.com
268,debenu.com
269,rotation.org
270,marketingchannel.com.br
271,poselenia.ru
272,kaldewei.cn
273,put.poznan.pl
274,gigabyte.sg
275,thebusinessdispatch.com
276,hercupofjoy.com
277,vtraxe-porn.ru
278,island-game.ru
279,kurserforledige.com
280,start-vpn.com
281,jak-zrobic-dom.pl
282,tingvoa.com
283,ecomm.com.br
284,openmobilepr.com
285,techprocess.co.in
286,jsts.gr.jp
287,gruposeguridad8x8.com
288,jerkingthetrigger.com
289,mzk-gorzow.com.pl
290,pounds4pennies.com
291,pornopedia.com
292,bizmartindia.com
293,al-kanz.org
294,newsongbd.com
295,holiday-home.cz
296,wilhelm-tel.de
297,mptsweb.com
298,allemagnevoyage.com
299,bellore.ru
300,docplanner.bg
301,opencaching.com
302,agoshop.de
303,theracecardproject.com
304,flyzed.info
305,rightmezo.blogspot.com
306,peper.co.kr
307,erima.eu
308,takming.edu.tw
309,mmobomb.com
310,imperial.co.za
311,javaheryab.com
312,gimhaenews.co.kr
313,adultsservice.com.au
314,findacarolservice.com
315,discountonlineparts.com
316,recalls.gov.au
317,mesana.org
318,digitalbooktoday.com
319,8bob.com
320,themarklee.com
321,mysurprise.ca
322,acomba.com
323,jb-aptech.com.cn
324,archipelagofiles.com
325,blackshemale.xxx
326,affilo.cz
327,binotel.ua
328,gyandarpan.com
329,respomondo.com
330,finpost.org
331,rooms101.com
332,asearch.herokuapp.com
333,investmir.biz
334,makescreenshots.com
335,diccionari.cat
336,fucolle.com
337,gf.to
338,bankrotstvo-fiz-lits.ru
339,metrojambi.com
340,mirtesen.ru
341,autostyle-usa.com
342,bodyip.de
343,worldbridge.org
344,maville.com
345,nowclinic.com
346,fbskip.com
347,freevpn.me
348,joyoge.com
349,schenker.se
350,leiserag.ch
351,hedgesdirect.co.uk
352,moroneta.com
353,duzhoumo.com
354,latinamericanstudies.org
355,camisasmasculinas.com
356,gudecor.com.br
357,dlyapolnyx.ru
358,whoneedsmaps.com
359,the-three-p.com
360,etwservice.com
361,buderus.es
362,sexmoanscum.tumblr.com
363,pertaminapfgte.com
364,mushroomali.blogspot.com
365,redreseller.com
366,ultranoir.com
367,itbusiness.ca
368,92newshd.tv
369,holoprint.ae
370,ripassofacile.blogspot.it
371,indirimkodu.web.tr
372,sex-piski.ru
373,infrastructurereportcard.org
374,sense.io
375,xn--soirentreprise-jn39b.fr
376,peugeot508-club.ru
377,pimkie.fr
378,indianshooting.com
379,uh-zabava.ru
380,mezhbank.org.ua
381,tanyaburr.co.uk
382,email-warnerbros.com
383,dguadalajara.es
384,dym.asia
385,lmdraketfy.com
386,aprendiz.uol.com.br
387,ucw.cz
388,chattingcat.com
389,nissan-stadium.jp
390,naturalawakeningsmag.com
391,tokyugroup.jp
392,parikmaherov.net
393,lchdesigner.com.br
394,mobileshop.com.eg
395,ma-sa.info
396,fm-teens.com
397,ra9.jp
398,amaderbrahmanbaria.com
399,steveturton.com
